ms_uri_1,ms_uri_2
https://minmod.isi.edu/resource/site__api-cdr-land-v1-docs-documents__021b001961514a258c99e04f9d696edd68a551bb191037ac176e88ee3e47860dbe,https://minmod.isi.edu/resource/site__api-cdr-land-v1-docs-documents__021b001961514a258c99e04f9d696edd68a551bb191037ac176e88ee3e47860dbe
https://minmod.isi.edu/resource/site__api-cdr-land-v1-docs-documents__02af35442ca3dcf49e748dcac1d897c3f445943acb95488af467b0b51e01de3117,https://minmod.isi.edu/resource/site__api-cdr-land-v1-docs-documents__021b001961514a258c99e04f9d696edd68a551bb191037ac176e88ee3e47860dbe
https://minmod.isi.edu/resource/site__api-cdr-land-v1-docs-documents__0228aeb0b71119f52b1ad30af41d5ae7c2b1accd17902b7bf4192349a20563593e,https://minmod.isi.edu/resource/site__api-cdr-land-v1-docs-documents__021b001961514a258c99e04f9d696edd68a551bb191037ac176e88ee3e47860dbe
https://minmod.isi.edu/resource/site__api-cdr-land-v1-docs-documents__02d6aeb8f78cf9ef7fdfbeba29f74d13ddd58b804330b6e125ed865123dde10795,https://minmod.isi.edu/resource/site__api-cdr-land-v1-docs-documents__02d6aeb8f78cf9ef7fdfbeba29f74d13ddd58b804330b6e125ed865123dde10795
https://minmod.isi.edu/resource/site__api-cdr-land-v1-docs-documents__02a0c7412e655ff0a9a4eb63cd1388ecb4aee96931f8bc4f98819e65cc83173755,https://minmod.isi.edu/resource/site__api-cdr-land-v1-docs-documents__02d6aeb8f78cf9ef7fdfbeba29f74d13ddd58b804330b6e125ed865123dde10795
https://minmod.isi.edu/resource/site__api-cdr-land-v1-docs-documents__029f4e4c7478615407af6f8b1836110483503cfc19b39050f561dd143cc9c55c68,https://minmod.isi.edu/resource/site__api-cdr-land-v1-docs-documents__02d6aeb8f78cf9ef7fdfbeba29f74d13ddd58b804330b6e125ed865123dde10795
https://minmod.isi.edu/resource/site__doi-org-10-5066-p96mmrfd__ju254,https://minmod.isi.edu/resource/site__doi-org-10-5066-p96mmrfd__ju254
https://minmod.isi.edu/resource/site__mrdata-usgs-gov-deposit__nm00030,https://minmod.isi.edu/resource/site__mrdata-usgs-gov-deposit__nm00030
https://minmod.isi.edu/resource/site__mrdata-usgs-gov-carbonatite__32,https://minmod.isi.edu/resource/site__mrdata-usgs-gov-carbonatite__32
https://minmod.isi.edu/resource/site__mrdata-usgs-gov-major-deposits__1769,https://minmod.isi.edu/resource/site__mrdata-usgs-gov-major-deposits__1769
https://minmod.isi.edu/resource/site__mrdata-usgs-gov-carbonatite__45,https://minmod.isi.edu/resource/site__mrdata-usgs-gov-carbonatite__45
https://minmod.isi.edu/resource/site__api-cdr-land-v1-docs-documents__022f34370dbbb08010387f8745d2dfb1bfe5a5b501a373df15bc8083879ffb54ad,https://minmod.isi.edu/resource/site__api-cdr-land-v1-docs-documents__022f34370dbbb08010387f8745d2dfb1bfe5a5b501a373df15bc8083879ffb54ad
https://minmod.isi.edu/resource/site__mrdata-usgs-gov-carbonatite__30,https://minmod.isi.edu/resource/site__mrdata-usgs-gov-carbonatite__30
https://minmod.isi.edu/resource/site__mrdata-usgs-gov-ree__76,https://minmod.isi.edu/resource/site__mrdata-usgs-gov-ree__76
https://minmod.isi.edu/resource/site__mrdata-usgs-gov-phosphate__236,https://minmod.isi.edu/resource/site__mrdata-usgs-gov-phosphate__236
https://minmod.isi.edu/resource/site__mrdata-usgs-gov-phosphate__220,https://minmod.isi.edu/resource/site__mrdata-usgs-gov-phosphate__236
https://minmod.isi.edu/resource/site__mrdata-usgs-gov-phosphate__232,https://minmod.isi.edu/resource/site__mrdata-usgs-gov-phosphate__236
https://minmod.isi.edu/resource/site__mrdata-usgs-gov-phosphate__217,https://minmod.isi.edu/resource/site__mrdata-usgs-gov-phosphate__236
https://minmod.isi.edu/resource/site__mrdata-usgs-gov-phosphate__208,https://minmod.isi.edu/resource/site__mrdata-usgs-gov-phosphate__236
https://minmod.isi.edu/resource/site__mrdata-usgs-gov-phosphate__226,https://minmod.isi.edu/resource/site__mrdata-usgs-gov-phosphate__236
https://minmod.isi.edu/resource/site__mrdata-usgs-gov-phosphate__209,https://minmod.isi.edu/resource/site__mrdata-usgs-gov-phosphate__236
https://minmod.isi.edu/resource/site__mrdata-usgs-gov-phosphate__224,https://minmod.isi.edu/resource/site__mrdata-usgs-gov-phosphate__236
https://minmod.isi.edu/resource/site__mrdata-usgs-gov-phosphate__238,https://minmod.isi.edu/resource/site__mrdata-usgs-gov-phosphate__236
https://minmod.isi.edu/resource/site__mrdata-usgs-gov-phosphate__235,https://minmod.isi.edu/resource/site__mrdata-usgs-gov-phosphate__236
https://minmod.isi.edu/resource/site__mrdata-usgs-gov-phosphate__231,https://minmod.isi.edu/resource/site__mrdata-usgs-gov-phosphate__236
https://minmod.isi.edu/resource/site__mrdata-usgs-gov-phosphate__230,https://minmod.isi.edu/resource/site__mrdata-usgs-gov-phosphate__236
https://minmod.isi.edu/resource/site__mrdata-usgs-gov-phosphate__229,https://minmod.isi.edu/resource/site__mrdata-usgs-gov-phosphate__236
https://minmod.isi.edu/resource/site__mrdata-usgs-gov-deposit__ar00006,https://minmod.isi.edu/resource/site__mrdata-usgs-gov-deposit__ar00006
https://minmod.isi.edu/resource/site__api-cdr-land-v1-docs-documents__0263bf87b77244b00fc5b17413117db006a3eb1bf43737d6852192a60a41041e0a,https://minmod.isi.edu/resource/site__api-cdr-land-v1-docs-documents__0263bf87b77244b00fc5b17413117db006a3eb1bf43737d6852192a60a41041e0a
https://minmod.isi.edu/resource/site__mrdata-usgs-gov-carbonatite__14,https://minmod.isi.edu/resource/site__mrdata-usgs-gov-carbonatite__14
https://minmod.isi.edu/resource/site__doi-org-10-5066-p96mmrfd__tc032,https://minmod.isi.edu/resource/site__doi-org-10-5066-p96mmrfd__tc032
https://minmod.isi.edu/resource/site__mrdata-usgs-gov-phosphate__222,https://minmod.isi.edu/resource/site__mrdata-usgs-gov-phosphate__222
https://minmod.isi.edu/resource/site__doi-org-10-5066-p96mmrfd__tn099,https://minmod.isi.edu/resource/site__doi-org-10-5066-p96mmrfd__tn099
https://minmod.isi.edu/resource/site__mrdata-usgs-gov-major-deposits__2585,https://minmod.isi.edu/resource/site__mrdata-usgs-gov-major-deposits__2585
https://minmod.isi.edu/resource/site__mrdata-usgs-gov-phosphate__1197,https://minmod.isi.edu/resource/site__mrdata-usgs-gov-phosphate__1197
https://minmod.isi.edu/resource/site__mrdata-usgs-gov-phosphate__1205,https://minmod.isi.edu/resource/site__mrdata-usgs-gov-phosphate__1197
https://minmod.isi.edu/resource/site__mrdata-usgs-gov-phosphate__1198,https://minmod.isi.edu/resource/site__mrdata-usgs-gov-phosphate__1197
https://minmod.isi.edu/resource/site__mrdata-usgs-gov-phosphate__1203,https://minmod.isi.edu/resource/site__mrdata-usgs-gov-phosphate__1197
https://minmod.isi.edu/resource/site__mrdata-usgs-gov-phosphate__1201,https://minmod.isi.edu/resource/site__mrdata-usgs-gov-phosphate__1197
https://minmod.isi.edu/resource/site__mrdata-usgs-gov-ree__312,https://minmod.isi.edu/resource/site__mrdata-usgs-gov-ree__312
https://minmod.isi.edu/resource/site__mrdata-usgs-gov-ree__223,https://minmod.isi.edu/resource/site__mrdata-usgs-gov-ree__223
https://minmod.isi.edu/resource/site__mrdata-usgs-gov-phosphate__762,https://minmod.isi.edu/resource/site__mrdata-usgs-gov-phosphate__762
https://minmod.isi.edu/resource/site__mrdata-usgs-gov-phosphate__770,https://minmod.isi.edu/resource/site__mrdata-usgs-gov-phosphate__762
https://minmod.isi.edu/resource/site__mrdata-usgs-gov-ree__192,https://minmod.isi.edu/resource/site__mrdata-usgs-gov-ree__192
https://minmod.isi.edu/resource/site__mrdata-usgs-gov-major-deposits__2707,https://minmod.isi.edu/resource/site__mrdata-usgs-gov-major-deposits__2707
https://minmod.isi.edu/resource/site__mrdata-usgs-gov-phosphate__33,https://minmod.isi.edu/resource/site__mrdata-usgs-gov-phosphate__33
https://minmod.isi.edu/resource/site__mrdata-usgs-gov-phosphate__961,https://minmod.isi.edu/resource/site__mrdata-usgs-gov-phosphate__961
https://minmod.isi.edu/resource/site__mrdata-usgs-gov-carbonatite__57,https://minmod.isi.edu/resource/site__mrdata-usgs-gov-carbonatite__57
https://minmod.isi.edu/resource/site__mrdata-usgs-gov-carbonatite__7,https://minmod.isi.edu/resource/site__mrdata-usgs-gov-carbonatite__7
https://minmod.isi.edu/resource/site__mrdata-usgs-gov-carbonatite__35,https://minmod.isi.edu/resource/site__mrdata-usgs-gov-carbonatite__35
https://minmod.isi.edu/resource/site__mrdata-usgs-gov-major-deposits__3,https://minmod.isi.edu/resource/site__mrdata-usgs-gov-major-deposits__3
https://minmod.isi.edu/resource/site__mrdata-usgs-gov-ree__266,https://minmod.isi.edu/resource/site__mrdata-usgs-gov-ree__266
https://minmod.isi.edu/resource/site__api-cdr-land-v1-docs-documents__02ab6305cbf48d221723a3126bad13e554ce09c26f1cb7b5a812e42acaa3b68187,https://minmod.isi.edu/resource/site__api-cdr-land-v1-docs-documents__02ab6305cbf48d221723a3126bad13e554ce09c26f1cb7b5a812e42acaa3b68187
https://minmod.isi.edu/resource/site__mrdata-usgs-gov-deposit__sd00044,https://minmod.isi.edu/resource/site__mrdata-usgs-gov-deposit__sd00044
https://minmod.isi.edu/resource/site__mrdata-usgs-gov-carbonatite__8,https://minmod.isi.edu/resource/site__mrdata-usgs-gov-carbonatite__8
https://minmod.isi.edu/resource/site__mrdata-usgs-gov-phosphate__165,https://minmod.isi.edu/resource/site__mrdata-usgs-gov-carbonatite__8
https://minmod.isi.edu/resource/site__mrdata-usgs-gov-carbonatite__22,https://minmod.isi.edu/resource/site__mrdata-usgs-gov-carbonatite__22
https://minmod.isi.edu/resource/site__mrdata-usgs-gov-phosphate__1404,https://minmod.isi.edu/resource/site__mrdata-usgs-gov-phosphate__1404
https://minmod.isi.edu/resource/site__mrdata-usgs-gov-phosphate__428,https://minmod.isi.edu/resource/site__mrdata-usgs-gov-phosphate__1404
https://minmod.isi.edu/resource/site__mrdata-usgs-gov-phosphate__1020,https://minmod.isi.edu/resource/site__mrdata-usgs-gov-phosphate__1404
https://minmod.isi.edu/resource/site__mrdata-usgs-gov-deposit__ak00122,https://minmod.isi.edu/resource/site__mrdata-usgs-gov-deposit__ak00122
https://minmod.isi.edu/resource/site__mrdata-usgs-gov-carbonatite__19,https://minmod.isi.edu/resource/site__mrdata-usgs-gov-carbonatite__19
https://minmod.isi.edu/resource/site__doi-org-10-5066-p96mmrfd__cr143,https://minmod.isi.edu/resource/site__doi-org-10-5066-p96mmrfd__cr143
https://minmod.isi.edu/resource/site__mrdata-usgs-gov-major-deposits__2271,https://minmod.isi.edu/resource/site__mrdata-usgs-gov-major-deposits__2271
https://minmod.isi.edu/resource/site__mrdata-usgs-gov-carbonatite__47,https://minmod.isi.edu/resource/site__mrdata-usgs-gov-carbonatite__47
https://minmod.isi.edu/resource/site__mrdata-usgs-gov-major-deposits__1383,https://minmod.isi.edu/resource/site__mrdata-usgs-gov-major-deposits__1383
https://minmod.isi.edu/resource/site__api-cdr-land-v1-docs-documents__0247572cbfe922040ce8ac025bf733bfba3ed5708da8fa17c7e4484e48d4e99f66,https://minmod.isi.edu/resource/site__api-cdr-land-v1-docs-documents__0247572cbfe922040ce8ac025bf733bfba3ed5708da8fa17c7e4484e48d4e99f66
https://minmod.isi.edu/resource/site__api-cdr-land-v1-docs-documents__02035b7ceaf517c2b4421e2fc72855e0e5bbda918854f0a7708fb62d0efc9cfeab,https://minmod.isi.edu/resource/site__api-cdr-land-v1-docs-documents__0247572cbfe922040ce8ac025bf733bfba3ed5708da8fa17c7e4484e48d4e99f66
https://minmod.isi.edu/resource/site__api-cdr-land-v1-docs-documents__02410ecb5936467bd66e32b3b22849ec00fe1d3e0c845fa8c8de66d18569d53a7a,https://minmod.isi.edu/resource/site__api-cdr-land-v1-docs-documents__0247572cbfe922040ce8ac025bf733bfba3ed5708da8fa17c7e4484e48d4e99f66
https://minmod.isi.edu/resource/site__mrdata-usgs-gov-major-deposits__2241,https://minmod.isi.edu/resource/site__mrdata-usgs-gov-major-deposits__2241
https://minmod.isi.edu/resource/site__mrdata-usgs-gov-ree__250,https://minmod.isi.edu/resource/site__mrdata-usgs-gov-ree__250
https://minmod.isi.edu/resource/site__mrdata-usgs-gov-ree__201,https://minmod.isi.edu/resource/site__mrdata-usgs-gov-ree__201
https://minmod.isi.edu/resource/site__api-cdr-land-v1-docs-documents__0241cd3ff6751aece89ad19604525b4609ab1b41e20640128632e71ea63c3823c7,https://minmod.isi.edu/resource/site__api-cdr-land-v1-docs-documents__0241cd3ff6751aece89ad19604525b4609ab1b41e20640128632e71ea63c3823c7
https://minmod.isi.edu/resource/site__mrdata-usgs-gov-deposit__ak00156,https://minmod.isi.edu/resource/site__mrdata-usgs-gov-deposit__ak00156
https://minmod.isi.edu/resource/site__mrdata-usgs-gov-major-deposits__2605,https://minmod.isi.edu/resource/site__mrdata-usgs-gov-major-deposits__2605
https://minmod.isi.edu/resource/site__mrdata-usgs-gov-ree__148,https://minmod.isi.edu/resource/site__mrdata-usgs-gov-ree__148
https://minmod.isi.edu/resource/site__api-cdr-land-v1-docs-documents__02480d13c0e65c6d71b48e3ee23cfca04d2f44c15f5a905a20bb930029d2df62ef,https://minmod.isi.edu/resource/site__api-cdr-land-v1-docs-documents__02480d13c0e65c6d71b48e3ee23cfca04d2f44c15f5a905a20bb930029d2df62ef
https://minmod.isi.edu/resource/site__mrdata-usgs-gov-major-deposits__2609,https://minmod.isi.edu/resource/site__mrdata-usgs-gov-major-deposits__2609
https://minmod.isi.edu/resource/site__mrdata-usgs-gov-carbonatite__60,https://minmod.isi.edu/resource/site__mrdata-usgs-gov-carbonatite__60
https://minmod.isi.edu/resource/site__mrdata-usgs-gov-ree__345,https://minmod.isi.edu/resource/site__mrdata-usgs-gov-ree__345
https://minmod.isi.edu/resource/site__mrdata-usgs-gov-deposit__nm00023,https://minmod.isi.edu/resource/site__mrdata-usgs-gov-deposit__nm00023
https://minmod.isi.edu/resource/site__mrdata-usgs-gov-carbonatite__9,https://minmod.isi.edu/resource/site__mrdata-usgs-gov-carbonatite__9
https://minmod.isi.edu/resource/site__mrdata-usgs-gov-ree__207,https://minmod.isi.edu/resource/site__mrdata-usgs-gov-ree__207
https://minmod.isi.edu/resource/site__doi-org-10-5066-p96mmrfd__mg035,https://minmod.isi.edu/resource/site__doi-org-10-5066-p96mmrfd__mg035
https://minmod.isi.edu/resource/site__mrdata-usgs-gov-carbonatite__49,https://minmod.isi.edu/resource/site__mrdata-usgs-gov-carbonatite__49
https://minmod.isi.edu/resource/site__mrdata-usgs-gov-major-deposits__913,https://minmod.isi.edu/resource/site__mrdata-usgs-gov-major-deposits__913
https://minmod.isi.edu/resource/site__mrdata-usgs-gov-major-deposits__937,https://minmod.isi.edu/resource/site__mrdata-usgs-gov-major-deposits__937
https://minmod.isi.edu/resource/site__mrdata-usgs-gov-deposit__sd00046,https://minmod.isi.edu/resource/site__mrdata-usgs-gov-deposit__sd00046
https://minmod.isi.edu/resource/site__mrdata-usgs-gov-carbonatite__20,https://minmod.isi.edu/resource/site__mrdata-usgs-gov-carbonatite__20
https://minmod.isi.edu/resource/site__mrdata-usgs-gov-major-deposits__2554,https://minmod.isi.edu/resource/site__mrdata-usgs-gov-major-deposits__2554
https://minmod.isi.edu/resource/site__mrdata-usgs-gov-carbonatite__15,https://minmod.isi.edu/resource/site__mrdata-usgs-gov-carbonatite__15
https://minmod.isi.edu/resource/site__mrdata-usgs-gov-major-deposits__3022,https://minmod.isi.edu/resource/site__mrdata-usgs-gov-major-deposits__3022
https://minmod.isi.edu/resource/site__mrdata-usgs-gov-deposit__tx00010,https://minmod.isi.edu/resource/site__mrdata-usgs-gov-deposit__tx00010
https://minmod.isi.edu/resource/site__mrdata-usgs-gov-deposit__tx00002,https://minmod.isi.edu/resource/site__mrdata-usgs-gov-deposit__tx00010
https://minmod.isi.edu/resource/site__mrdata-usgs-gov-deposit__nm00029,https://minmod.isi.edu/resource/site__mrdata-usgs-gov-deposit__nm00029
https://minmod.isi.edu/resource/site__mrdata-usgs-gov-phosphate__936,https://minmod.isi.edu/resource/site__mrdata-usgs-gov-phosphate__936
https://minmod.isi.edu/resource/site__mrdata-usgs-gov-phosphate__935,https://minmod.isi.edu/resource/site__mrdata-usgs-gov-phosphate__936
https://minmod.isi.edu/resource/site__mrdata-usgs-gov-major-deposits__2560,https://minmod.isi.edu/resource/site__mrdata-usgs-gov-major-deposits__2560
https://minmod.isi.edu/resource/site__doi-org-10-5066-p96mmrfd__id007,https://minmod.isi.edu/resource/site__doi-org-10-5066-p96mmrfd__id007
https://minmod.isi.edu/resource/site__mrdata-usgs-gov-ree__29,https://minmod.isi.edu/resource/site__mrdata-usgs-gov-ree__29
https://minmod.isi.edu/resource/site__mrdata-usgs-gov-phosphate__124,https://minmod.isi.edu/resource/site__mrdata-usgs-gov-phosphate__124
https://minmod.isi.edu/resource/site__mrdata-usgs-gov-ree__118,https://minmod.isi.edu/resource/site__mrdata-usgs-gov-ree__118
https://minmod.isi.edu/resource/site__mrdata-usgs-gov-deposit__co00019,https://minmod.isi.edu/resource/site__mrdata-usgs-gov-deposit__co00019
https://minmod.isi.edu/resource/site__mrdata-usgs-gov-major-deposits__640,https://minmod.isi.edu/resource/site__mrdata-usgs-gov-major-deposits__640
https://minmod.isi.edu/resource/site__mrdata-usgs-gov-ree__31,https://minmod.isi.edu/resource/site__mrdata-usgs-gov-major-deposits__640
https://minmod.isi.edu/resource/site__mrdata-usgs-gov-carbonatite__39,https://minmod.isi.edu/resource/site__mrdata-usgs-gov-carbonatite__39
https://minmod.isi.edu/resource/site__mrdata-usgs-gov-phosphate__571,https://minmod.isi.edu/resource/site__mrdata-usgs-gov-phosphate__571
https://minmod.isi.edu/resource/site__mrdata-usgs-gov-carbonatite__40,https://minmod.isi.edu/resource/site__mrdata-usgs-gov-carbonatite__40
https://minmod.isi.edu/resource/site__mrdata-usgs-gov-major-deposits__2590,https://minmod.isi.edu/resource/site__mrdata-usgs-gov-major-deposits__2590
https://minmod.isi.edu/resource/site__mrdata-usgs-gov-major-deposits__2243,https://minmod.isi.edu/resource/site__mrdata-usgs-gov-major-deposits__2243
https://minmod.isi.edu/resource/site__doi-org-10-5066-p96mmrfd__te072,https://minmod.isi.edu/resource/site__doi-org-10-5066-p96mmrfd__te072
https://minmod.isi.edu/resource/site__api-cdr-land-v1-docs-documents__026d0268d33cae0b631951fa7e8de2c081662862f437f4b6940ca9078a86f49c79,https://minmod.isi.edu/resource/site__api-cdr-land-v1-docs-documents__026d0268d33cae0b631951fa7e8de2c081662862f437f4b6940ca9078a86f49c79
https://minmod.isi.edu/resource/site__api-cdr-land-v1-docs-documents__02d885ccf78334b6b1d18279685aba92c06117dec2975a1ccb81624c7a2bb750e3,https://minmod.isi.edu/resource/site__api-cdr-land-v1-docs-documents__026d0268d33cae0b631951fa7e8de2c081662862f437f4b6940ca9078a86f49c79
https://minmod.isi.edu/resource/site__mrdata-usgs-gov-major-deposits__2212,https://minmod.isi.edu/resource/site__mrdata-usgs-gov-major-deposits__2212
https://minmod.isi.edu/resource/site__mrdata-usgs-gov-ree__47,https://minmod.isi.edu/resource/site__mrdata-usgs-gov-ree__47
https://minmod.isi.edu/resource/site__mrdata-usgs-gov-carbonatite__36,https://minmod.isi.edu/resource/site__mrdata-usgs-gov-carbonatite__36
https://minmod.isi.edu/resource/site__mrdata-usgs-gov-ree__211,https://minmod.isi.edu/resource/site__mrdata-usgs-gov-ree__211
https://minmod.isi.edu/resource/site__mrdata-usgs-gov-deposit__ak00046,https://minmod.isi.edu/resource/site__mrdata-usgs-gov-deposit__ak00046
https://minmod.isi.edu/resource/site__mrdata-usgs-gov-ree__259,https://minmod.isi.edu/resource/site__mrdata-usgs-gov-ree__259
https://minmod.isi.edu/resource/site__mrdata-usgs-gov-deposit__fl00003,https://minmod.isi.edu/resource/site__mrdata-usgs-gov-deposit__fl00003
https://minmod.isi.edu/resource/site__doi-org-10-5066-p96mmrfd__md004,https://minmod.isi.edu/resource/site__doi-org-10-5066-p96mmrfd__md004
https://minmod.isi.edu/resource/site__doi-org-10-5066-p96mmrfd__bt024,https://minmod.isi.edu/resource/site__doi-org-10-5066-p96mmrfd__bt024
https://minmod.isi.edu/resource/site__mrdata-usgs-gov-major-deposits__843,https://minmod.isi.edu/resource/site__mrdata-usgs-gov-major-deposits__843
https://minmod.isi.edu/resource/site__doi-org-10-5066-p96mmrfd__id051,https://minmod.isi.edu/resource/site__doi-org-10-5066-p96mmrfd__id051
https://minmod.isi.edu/resource/site__mrdata-usgs-gov-phosphate__1266,https://minmod.isi.edu/resource/site__mrdata-usgs-gov-phosphate__1266
https://minmod.isi.edu/resource/site__mrdata-usgs-gov-phosphate__1282,https://minmod.isi.edu/resource/site__mrdata-usgs-gov-phosphate__1266
https://minmod.isi.edu/resource/site__mrdata-usgs-gov-phosphate__1281,https://minmod.isi.edu/resource/site__mrdata-usgs-gov-phosphate__1266
https://minmod.isi.edu/resource/site__mrdata-usgs-gov-phosphate__1267,https://minmod.isi.edu/resource/site__mrdata-usgs-gov-phosphate__1266
https://minmod.isi.edu/resource/site__mrdata-usgs-gov-phosphate__548,https://minmod.isi.edu/resource/site__mrdata-usgs-gov-phosphate__548
https://minmod.isi.edu/resource/site__mrdata-usgs-gov-deposit__nm00026,https://minmod.isi.edu/resource/site__mrdata-usgs-gov-deposit__nm00026
https://minmod.isi.edu/resource/site__mrdata-usgs-gov-carbonatite__37,https://minmod.isi.edu/resource/site__mrdata-usgs-gov-carbonatite__37
https://minmod.isi.edu/resource/site__mrdata-usgs-gov-deposit__ak00135,https://minmod.isi.edu/resource/site__mrdata-usgs-gov-deposit__ak00135
https://minmod.isi.edu/resource/site__mrdata-usgs-gov-ree__246,https://minmod.isi.edu/resource/site__mrdata-usgs-gov-ree__246
https://minmod.isi.edu/resource/site__mrdata-usgs-gov-phosphate__960,https://minmod.isi.edu/resource/site__mrdata-usgs-gov-phosphate__960
https://minmod.isi.edu/resource/site__mrdata-usgs-gov-major-deposits__2244,https://minmod.isi.edu/resource/site__mrdata-usgs-gov-major-deposits__2244
https://minmod.isi.edu/resource/site__mrdata-usgs-gov-ree__296,https://minmod.isi.edu/resource/site__mrdata-usgs-gov-ree__296
https://minmod.isi.edu/resource/site__doi-org-10-5066-p96mmrfd__bt018,https://minmod.isi.edu/resource/site__doi-org-10-5066-p96mmrfd__bt018
https://minmod.isi.edu/resource/site__mrdata-usgs-gov-major-deposits__2611,https://minmod.isi.edu/resource/site__mrdata-usgs-gov-major-deposits__2611
https://minmod.isi.edu/resource/site__mrdata-usgs-gov-phosphate__1029,https://minmod.isi.edu/resource/site__mrdata-usgs-gov-phosphate__1029
https://minmod.isi.edu/resource/site__mrdata-usgs-gov-deposit__ne00001,https://minmod.isi.edu/resource/site__mrdata-usgs-gov-deposit__ne00001
https://minmod.isi.edu/resource/site__mrdata-usgs-gov-deposit__sd00048,https://minmod.isi.edu/resource/site__mrdata-usgs-gov-deposit__sd00048
https://minmod.isi.edu/resource/site__mrdata-usgs-gov-carbonatite__24,https://minmod.isi.edu/resource/site__mrdata-usgs-gov-carbonatite__24
https://minmod.isi.edu/resource/site__mrdata-usgs-gov-ree__11,https://minmod.isi.edu/resource/site__mrdata-usgs-gov-ree__11
https://minmod.isi.edu/resource/site__mrdata-usgs-gov-deposit__sd00019,https://minmod.isi.edu/resource/site__mrdata-usgs-gov-deposit__sd00019
https://minmod.isi.edu/resource/site__mrdata-usgs-gov-major-deposits__2211,https://minmod.isi.edu/resource/site__mrdata-usgs-gov-major-deposits__2211
https://minmod.isi.edu/resource/site__mrdata-usgs-gov-major-deposits__962,https://minmod.isi.edu/resource/site__mrdata-usgs-gov-major-deposits__962
https://minmod.isi.edu/resource/site__mrdata-usgs-gov-deposit__ak00006,https://minmod.isi.edu/resource/site__mrdata-usgs-gov-deposit__ak00006
https://minmod.isi.edu/resource/site__mrdata-usgs-gov-major-deposits__2350,https://minmod.isi.edu/resource/site__mrdata-usgs-gov-major-deposits__2350
https://minmod.isi.edu/resource/site__mrdata-usgs-gov-major-deposits__2240,https://minmod.isi.edu/resource/site__mrdata-usgs-gov-major-deposits__2240
https://minmod.isi.edu/resource/site__mrdata-usgs-gov-deposit__mt00026,https://minmod.isi.edu/resource/site__mrdata-usgs-gov-deposit__mt00026
https://minmod.isi.edu/resource/site__mrdata-usgs-gov-carbonatite__10,https://minmod.isi.edu/resource/site__mrdata-usgs-gov-carbonatite__10
https://minmod.isi.edu/resource/site__mrdata-usgs-gov-carbonatite__38,https://minmod.isi.edu/resource/site__mrdata-usgs-gov-carbonatite__38
https://minmod.isi.edu/resource/site__api-cdr-land-v1-docs-documents__02cd0ee7a864f43393bbd58a7e3da06a75c5f5dc2f0eda49fdb3ad4de4d2a5173e,https://minmod.isi.edu/resource/site__api-cdr-land-v1-docs-documents__02cd0ee7a864f43393bbd58a7e3da06a75c5f5dc2f0eda49fdb3ad4de4d2a5173e
https://minmod.isi.edu/resource/site__mrdata-usgs-gov-major-deposits__2656,https://minmod.isi.edu/resource/site__mrdata-usgs-gov-major-deposits__2656
https://minmod.isi.edu/resource/site__mrdata-usgs-gov-ree__535,https://minmod.isi.edu/resource/site__mrdata-usgs-gov-ree__535
https://minmod.isi.edu/resource/site__mrdata-usgs-gov-phosphate__184,https://minmod.isi.edu/resource/site__mrdata-usgs-gov-phosphate__184
https://minmod.isi.edu/resource/site__mrdata-usgs-gov-ree__21,https://minmod.isi.edu/resource/site__mrdata-usgs-gov-ree__21
https://minmod.isi.edu/resource/site__mrdata-usgs-gov-carbonatite__55,https://minmod.isi.edu/resource/site__mrdata-usgs-gov-carbonatite__55
https://minmod.isi.edu/resource/site__mrdata-usgs-gov-deposit__ar00004,https://minmod.isi.edu/resource/site__mrdata-usgs-gov-carbonatite__55
https://minmod.isi.edu/resource/site__mrdata-usgs-gov-ree__128,https://minmod.isi.edu/resource/site__mrdata-usgs-gov-carbonatite__55
https://minmod.isi.edu/resource/site__doi-org-10-5066-p96mmrfd__tn142,https://minmod.isi.edu/resource/site__doi-org-10-5066-p96mmrfd__tn142
https://minmod.isi.edu/resource/site__doi-org-10-5066-p96mmrfd__sm005,https://minmod.isi.edu/resource/site__doi-org-10-5066-p96mmrfd__sm005
https://minmod.isi.edu/resource/site__mrdata-usgs-gov-carbonatite__1,https://minmod.isi.edu/resource/site__mrdata-usgs-gov-carbonatite__1
https://minmod.isi.edu/resource/site__mrdata-usgs-gov-deposit__ak00146,https://minmod.isi.edu/resource/site__mrdata-usgs-gov-deposit__ak00146
https://minmod.isi.edu/resource/site__mrdata-usgs-gov-deposit__ak00194,https://minmod.isi.edu/resource/site__mrdata-usgs-gov-deposit__ak00194
https://minmod.isi.edu/resource/site__mrdata-usgs-gov-deposit__ak00001,https://minmod.isi.edu/resource/site__mrdata-usgs-gov-deposit__ak00001
https://minmod.isi.edu/resource/site__mrdata-usgs-gov-phosphate__1144,https://minmod.isi.edu/resource/site__mrdata-usgs-gov-phosphate__1144
https://minmod.isi.edu/resource/site__mrdata-usgs-gov-phosphate__1127,https://minmod.isi.edu/resource/site__mrdata-usgs-gov-phosphate__1144
https://minmod.isi.edu/resource/site__mrdata-usgs-gov-carbonatite__27,https://minmod.isi.edu/resource/site__mrdata-usgs-gov-carbonatite__27
https://minmod.isi.edu/resource/site__mrdata-usgs-gov-carbonatite__58,https://minmod.isi.edu/resource/site__mrdata-usgs-gov-carbonatite__58
https://minmod.isi.edu/resource/site__doi-org-10-5066-p96mmrfd__bt022,https://minmod.isi.edu/resource/site__doi-org-10-5066-p96mmrfd__bt022
https://minmod.isi.edu/resource/site__doi-org-10-5066-p96mmrfd__bt023,https://minmod.isi.edu/resource/site__doi-org-10-5066-p96mmrfd__bt022
https://minmod.isi.edu/resource/site__mrdata-usgs-gov-ree__307,https://minmod.isi.edu/resource/site__mrdata-usgs-gov-ree__307
https://minmod.isi.edu/resource/site__doi-org-10-5066-p96mmrfd__tn085,https://minmod.isi.edu/resource/site__doi-org-10-5066-p96mmrfd__tn085
https://minmod.isi.edu/resource/site__mrdata-usgs-gov-major-deposits__366,https://minmod.isi.edu/resource/site__mrdata-usgs-gov-major-deposits__366
https://minmod.isi.edu/resource/site__mrdata-usgs-gov-ree__17,https://minmod.isi.edu/resource/site__mrdata-usgs-gov-ree__17
https://minmod.isi.edu/resource/site__mrdata-usgs-gov-major-deposits__3021,https://minmod.isi.edu/resource/site__mrdata-usgs-gov-major-deposits__3021
https://minmod.isi.edu/resource/site__mrdata-usgs-gov-major-deposits__930,https://minmod.isi.edu/resource/site__mrdata-usgs-gov-major-deposits__930
https://minmod.isi.edu/resource/site__mrdata-usgs-gov-major-deposits__636,https://minmod.isi.edu/resource/site__mrdata-usgs-gov-major-deposits__636
https://minmod.isi.edu/resource/site__mrdata-usgs-gov-deposit__ak00167,https://minmod.isi.edu/resource/site__mrdata-usgs-gov-deposit__ak00167
https://minmod.isi.edu/resource/site__mrdata-usgs-gov-ree__261,https://minmod.isi.edu/resource/site__mrdata-usgs-gov-ree__261
https://minmod.isi.edu/resource/site__mrdata-usgs-gov-carbonatite__16,https://minmod.isi.edu/resource/site__mrdata-usgs-gov-carbonatite__16
https://minmod.isi.edu/resource/site__doi-org-10-5066-p96mmrfd__id057,https://minmod.isi.edu/resource/site__doi-org-10-5066-p96mmrfd__id057
https://minmod.isi.edu/resource/site__mrdata-usgs-gov-major-deposits__828,https://minmod.isi.edu/resource/site__mrdata-usgs-gov-major-deposits__828
https://minmod.isi.edu/resource/site__doi-org-10-5066-p96mmrfd__bt021,https://minmod.isi.edu/resource/site__doi-org-10-5066-p96mmrfd__bt021
https://minmod.isi.edu/resource/site__mrdata-usgs-gov-major-deposits__1386,https://minmod.isi.edu/resource/site__mrdata-usgs-gov-major-deposits__1386
https://minmod.isi.edu/resource/site__mrdata-usgs-gov-ree__185,https://minmod.isi.edu/resource/site__mrdata-usgs-gov-ree__185
https://minmod.isi.edu/resource/site__mrdata-usgs-gov-phosphate__552,https://minmod.isi.edu/resource/site__mrdata-usgs-gov-phosphate__552
https://minmod.isi.edu/resource/site__mrdata-usgs-gov-ree__10,https://minmod.isi.edu/resource/site__mrdata-usgs-gov-ree__10
https://minmod.isi.edu/resource/site__mrdata-usgs-gov-carbonatite__44,https://minmod.isi.edu/resource/site__mrdata-usgs-gov-carbonatite__44
https://minmod.isi.edu/resource/site__mrdata-usgs-gov-carbonatite__13,https://minmod.isi.edu/resource/site__mrdata-usgs-gov-carbonatite__13
https://minmod.isi.edu/resource/site__mrdata-usgs-gov-ree__156,https://minmod.isi.edu/resource/site__mrdata-usgs-gov-ree__156
https://minmod.isi.edu/resource/site__api-cdr-land-v1-docs-documents__02eb319a697c18e2b8fd89de311059acd0aa653534a77970f4cd4bbd0efe56c917,https://minmod.isi.edu/resource/site__api-cdr-land-v1-docs-documents__02eb319a697c18e2b8fd89de311059acd0aa653534a77970f4cd4bbd0efe56c917
https://minmod.isi.edu/resource/site__api-cdr-land-v1-docs-documents__022bc134c6a8247a34365f95435509d8d3738c8d96207e23c7ccafbe04990bbcf9,https://minmod.isi.edu/resource/site__api-cdr-land-v1-docs-documents__022bc134c6a8247a34365f95435509d8d3738c8d96207e23c7ccafbe04990bbcf9
https://minmod.isi.edu/resource/site__api-cdr-land-v1-docs-documents__02a3813b610d66c8ca0c3dc7ffb99f879b7696ddde59af5b9b4f5b89b29740f745,https://minmod.isi.edu/resource/site__api-cdr-land-v1-docs-documents__022bc134c6a8247a34365f95435509d8d3738c8d96207e23c7ccafbe04990bbcf9
https://minmod.isi.edu/resource/site__api-cdr-land-v1-docs-documents__02d8e6d2786038abad74034c614f27995f3fe16feeef6fc1f4ce7231346772527b,https://minmod.isi.edu/resource/site__api-cdr-land-v1-docs-documents__022bc134c6a8247a34365f95435509d8d3738c8d96207e23c7ccafbe04990bbcf9
https://minmod.isi.edu/resource/site__mrdata-usgs-gov-deposit__ne00002,https://minmod.isi.edu/resource/site__mrdata-usgs-gov-deposit__ne00002
https://minmod.isi.edu/resource/site__mrdata-usgs-gov-phosphate__769,https://minmod.isi.edu/resource/site__mrdata-usgs-gov-phosphate__769
https://minmod.isi.edu/resource/site__mrdata-usgs-gov-major-deposits__924,https://minmod.isi.edu/resource/site__mrdata-usgs-gov-major-deposits__924
https://minmod.isi.edu/resource/site__mrdata-usgs-gov-carbonatite__50,https://minmod.isi.edu/resource/site__mrdata-usgs-gov-carbonatite__50
https://minmod.isi.edu/resource/site__mrdata-usgs-gov-carbonatite__56,https://minmod.isi.edu/resource/site__mrdata-usgs-gov-carbonatite__56
https://minmod.isi.edu/resource/site__mrdata-usgs-gov-carbonatite__42,https://minmod.isi.edu/resource/site__mrdata-usgs-gov-carbonatite__42
https://minmod.isi.edu/resource/site__mrdata-usgs-gov-major-deposits__2601,https://minmod.isi.edu/resource/site__mrdata-usgs-gov-major-deposits__2601
https://minmod.isi.edu/resource/site__mrdata-usgs-gov-carbonatite__54,https://minmod.isi.edu/resource/site__mrdata-usgs-gov-carbonatite__54
https://minmod.isi.edu/resource/site__mrdata-usgs-gov-phosphate__1032,https://minmod.isi.edu/resource/site__mrdata-usgs-gov-phosphate__1032
https://minmod.isi.edu/resource/site__mrdata-usgs-gov-phosphate__1028,https://minmod.isi.edu/resource/site__mrdata-usgs-gov-phosphate__1032
https://minmod.isi.edu/resource/site__mrdata-usgs-gov-phosphate__1399,https://minmod.isi.edu/resource/site__mrdata-usgs-gov-phosphate__1399
https://minmod.isi.edu/resource/site__doi-org-10-4095-295581__118,https://minmod.isi.edu/resource/site__doi-org-10-4095-295581__118
https://minmod.isi.edu/resource/site__mrdata-usgs-gov-ree__770,https://minmod.isi.edu/resource/site__mrdata-usgs-gov-ree__770
https://minmod.isi.edu/resource/site__mrdata-usgs-gov-carbonatite__51,https://minmod.isi.edu/resource/site__mrdata-usgs-gov-carbonatite__51
https://minmod.isi.edu/resource/site__mrdata-usgs-gov-phosphate__495,https://minmod.isi.edu/resource/site__mrdata-usgs-gov-phosphate__495
https://minmod.isi.edu/resource/site__mrdata-usgs-gov-deposit__ak00021,https://minmod.isi.edu/resource/site__mrdata-usgs-gov-deposit__ak00021
https://minmod.isi.edu/resource/site__mrdata-usgs-gov-deposit__nm00027,https://minmod.isi.edu/resource/site__mrdata-usgs-gov-deposit__nm00027
https://minmod.isi.edu/resource/site__mrdata-usgs-gov-major-deposits__2943,https://minmod.isi.edu/resource/site__mrdata-usgs-gov-major-deposits__2943
https://minmod.isi.edu/resource/site__mrdata-usgs-gov-major-deposits__637,https://minmod.isi.edu/resource/site__mrdata-usgs-gov-major-deposits__637
https://minmod.isi.edu/resource/site__mrdata-usgs-gov-ree__23,https://minmod.isi.edu/resource/site__mrdata-usgs-gov-major-deposits__637
https://minmod.isi.edu/resource/site__mrdata-usgs-gov-phosphate__924,https://minmod.isi.edu/resource/site__mrdata-usgs-gov-phosphate__924
https://minmod.isi.edu/resource/site__mrdata-usgs-gov-carbonatite__25,https://minmod.isi.edu/resource/site__mrdata-usgs-gov-carbonatite__25
https://minmod.isi.edu/resource/site__mrdata-usgs-gov-ree__49,https://minmod.isi.edu/resource/site__mrdata-usgs-gov-ree__49
https://minmod.isi.edu/resource/site__mrdata-usgs-gov-deposit__ak00007,https://minmod.isi.edu/resource/site__mrdata-usgs-gov-deposit__ak00007
https://minmod.isi.edu/resource/site__mrdata-usgs-gov-carbonatite__11,https://minmod.isi.edu/resource/site__mrdata-usgs-gov-carbonatite__11
https://minmod.isi.edu/resource/site__mrdata-usgs-gov-major-deposits__967,https://minmod.isi.edu/resource/site__mrdata-usgs-gov-carbonatite__11
https://minmod.isi.edu/resource/site__mrdata-usgs-gov-major-deposits__3167,https://minmod.isi.edu/resource/site__mrdata-usgs-gov-major-deposits__3167
https://minmod.isi.edu/resource/site__api-cdr-land-v1-docs-documents__025bc6fc633aed0fd8ab5f39b49c00daa1b781083accba4fab8590a005bd72fcd7,https://minmod.isi.edu/resource/site__api-cdr-land-v1-docs-documents__025bc6fc633aed0fd8ab5f39b49c00daa1b781083accba4fab8590a005bd72fcd7
https://minmod.isi.edu/resource/site__api-cdr-land-v1-docs-documents__02abf69f51a0e21c9ad50e36cb536696e6a6a5ff726c334b7092faaa35a36894ef,https://minmod.isi.edu/resource/site__api-cdr-land-v1-docs-documents__02abf69f51a0e21c9ad50e36cb536696e6a6a5ff726c334b7092faaa35a36894ef
https://minmod.isi.edu/resource/site__mrdata-usgs-gov-major-deposits__635,https://minmod.isi.edu/resource/site__mrdata-usgs-gov-major-deposits__635
https://minmod.isi.edu/resource/site__mrdata-usgs-gov-ree__193,https://minmod.isi.edu/resource/site__mrdata-usgs-gov-ree__193
https://minmod.isi.edu/resource/site__doi-org-10-5066-p96mmrfd__se006,https://minmod.isi.edu/resource/site__doi-org-10-5066-p96mmrfd__se006
https://minmod.isi.edu/resource/site__doi-org-10-5066-p96mmrfd__tl015,https://minmod.isi.edu/resource/site__doi-org-10-5066-p96mmrfd__tl015
https://minmod.isi.edu/resource/site__mrdata-usgs-gov-ree__244,https://minmod.isi.edu/resource/site__mrdata-usgs-gov-ree__244
https://minmod.isi.edu/resource/site__mrdata-usgs-gov-ree__174,https://minmod.isi.edu/resource/site__mrdata-usgs-gov-ree__174
https://minmod.isi.edu/resource/site__mrdata-usgs-gov-phosphate__1245,https://minmod.isi.edu/resource/site__mrdata-usgs-gov-phosphate__1245
https://minmod.isi.edu/resource/site__mrdata-usgs-gov-major-deposits__2606,https://minmod.isi.edu/resource/site__mrdata-usgs-gov-major-deposits__2606
https://minmod.isi.edu/resource/site__mrdata-usgs-gov-ree__92,https://minmod.isi.edu/resource/site__mrdata-usgs-gov-ree__92
https://minmod.isi.edu/resource/site__mrdata-usgs-gov-deposit__tx00001,https://minmod.isi.edu/resource/site__mrdata-usgs-gov-deposit__tx00001
https://minmod.isi.edu/resource/site__mrdata-usgs-gov-deposit__ak00140,https://minmod.isi.edu/resource/site__mrdata-usgs-gov-deposit__ak00140
https://minmod.isi.edu/resource/site__mrdata-usgs-gov-deposit__co00032,https://minmod.isi.edu/resource/site__mrdata-usgs-gov-deposit__co00032
https://minmod.isi.edu/resource/site__mrdata-usgs-gov-carbonatite__4,https://minmod.isi.edu/resource/site__mrdata-usgs-gov-carbonatite__4
https://minmod.isi.edu/resource/site__doi-org-10-5066-p96mmrfd__tn141,https://minmod.isi.edu/resource/site__doi-org-10-5066-p96mmrfd__tn141
https://minmod.isi.edu/resource/site__mrdata-usgs-gov-ree__314,https://minmod.isi.edu/resource/site__mrdata-usgs-gov-ree__314
https://minmod.isi.edu/resource/site__doi-org-10-5066-p96mmrfd__id109,https://minmod.isi.edu/resource/site__doi-org-10-5066-p96mmrfd__id109
https://minmod.isi.edu/resource/site__mrdata-usgs-gov-carbonatite__34,https://minmod.isi.edu/resource/site__mrdata-usgs-gov-carbonatite__34
https://minmod.isi.edu/resource/site__doi-org-10-5066-p96mmrfd__md060,https://minmod.isi.edu/resource/site__doi-org-10-5066-p96mmrfd__md060
https://minmod.isi.edu/resource/site__mrdata-usgs-gov-deposit__nm00028,https://minmod.isi.edu/resource/site__mrdata-usgs-gov-deposit__nm00028
https://minmod.isi.edu/resource/site__mrdata-usgs-gov-ree__711,https://minmod.isi.edu/resource/site__mrdata-usgs-gov-ree__711
https://minmod.isi.edu/resource/site__mrdata-usgs-gov-carbonatite__41,https://minmod.isi.edu/resource/site__mrdata-usgs-gov-carbonatite__41
https://minmod.isi.edu/resource/site__mrdata-usgs-gov-deposit__nm00025,https://minmod.isi.edu/resource/site__mrdata-usgs-gov-deposit__nm00025
https://minmod.isi.edu/resource/site__api-cdr-land-v1-docs-documents__02b4c61faf2b5625c1c48719eb6e1b2561ba1f2f77c8e7afc45ddc74d125d62cb2,https://minmod.isi.edu/resource/site__api-cdr-land-v1-docs-documents__02b4c61faf2b5625c1c48719eb6e1b2561ba1f2f77c8e7afc45ddc74d125d62cb2
https://minmod.isi.edu/resource/site__api-cdr-land-v1-docs-documents__022b81881794b6910528a035b50a214fc960c52f89d7f84a35ce1b75b96f3759f0,https://minmod.isi.edu/resource/site__api-cdr-land-v1-docs-documents__02b4c61faf2b5625c1c48719eb6e1b2561ba1f2f77c8e7afc45ddc74d125d62cb2
https://minmod.isi.edu/resource/site__mrdata-usgs-gov-carbonatite__46,https://minmod.isi.edu/resource/site__mrdata-usgs-gov-carbonatite__46
https://minmod.isi.edu/resource/site__api-cdr-land-v1-docs-documents__0230a54c6daf27b3418e2086a776e846c705735b759434a8d03abc33b4f1f36428,https://minmod.isi.edu/resource/site__api-cdr-land-v1-docs-documents__0230a54c6daf27b3418e2086a776e846c705735b759434a8d03abc33b4f1f36428
https://minmod.isi.edu/resource/site__mrdata-usgs-gov-carbonatite__43,https://minmod.isi.edu/resource/site__mrdata-usgs-gov-carbonatite__43
https://minmod.isi.edu/resource/site__mrdata-usgs-gov-ree__306,https://minmod.isi.edu/resource/site__mrdata-usgs-gov-ree__306
https://minmod.isi.edu/resource/site__mrdata-usgs-gov-carbonatite__2,https://minmod.isi.edu/resource/site__mrdata-usgs-gov-carbonatite__2
https://minmod.isi.edu/resource/site__doi-org-10-5066-p96mmrfd__wi039,https://minmod.isi.edu/resource/site__doi-org-10-5066-p96mmrfd__wi039
https://minmod.isi.edu/resource/site__api-cdr-land-v1-docs-documents__02803cfd4ec0dbf1737007ec5c679c3d4ac44087e8a3514cc9a959584936e829cb,https://minmod.isi.edu/resource/site__api-cdr-land-v1-docs-documents__02803cfd4ec0dbf1737007ec5c679c3d4ac44087e8a3514cc9a959584936e829cb
https://minmod.isi.edu/resource/site__api-cdr-land-v1-docs-documents__02dabd7696d42492d771301543c09f4a14d53ae6e9e6d50eeb224be87bdee23b6a,https://minmod.isi.edu/resource/site__api-cdr-land-v1-docs-documents__02803cfd4ec0dbf1737007ec5c679c3d4ac44087e8a3514cc9a959584936e829cb
https://minmod.isi.edu/resource/site__api-cdr-land-v1-docs-documents__02524184ba4c2cd815328d2bd770738213d2479d7f970de617f80546a72cff4c5c,https://minmod.isi.edu/resource/site__api-cdr-land-v1-docs-documents__02803cfd4ec0dbf1737007ec5c679c3d4ac44087e8a3514cc9a959584936e829cb
https://minmod.isi.edu/resource/site__mrdata-usgs-gov-major-deposits__2655,https://minmod.isi.edu/resource/site__mrdata-usgs-gov-major-deposits__2655
https://minmod.isi.edu/resource/site__mrdata-usgs-gov-ree__262,https://minmod.isi.edu/resource/site__mrdata-usgs-gov-ree__262
https://minmod.isi.edu/resource/site__mrdata-usgs-gov-major-deposits__1077,https://minmod.isi.edu/resource/site__mrdata-usgs-gov-major-deposits__1077
https://minmod.isi.edu/resource/site__mrdata-usgs-gov-ree__15,https://minmod.isi.edu/resource/site__mrdata-usgs-gov-ree__15
https://minmod.isi.edu/resource/site__mrdata-usgs-gov-deposit__tx00005,https://minmod.isi.edu/resource/site__mrdata-usgs-gov-deposit__tx00005
https://minmod.isi.edu/resource/site__mrdata-usgs-gov-carbonatite__48,https://minmod.isi.edu/resource/site__mrdata-usgs-gov-carbonatite__48
https://minmod.isi.edu/resource/site__mrdata-usgs-gov-deposit__sd00047,https://minmod.isi.edu/resource/site__mrdata-usgs-gov-deposit__sd00047
https://minmod.isi.edu/resource/site__mrdata-usgs-gov-phosphate__553,https://minmod.isi.edu/resource/site__mrdata-usgs-gov-phosphate__553
https://minmod.isi.edu/resource/site__mrdata-usgs-gov-carbonatite__18,https://minmod.isi.edu/resource/site__mrdata-usgs-gov-carbonatite__18
https://minmod.isi.edu/resource/site__mrdata-usgs-gov-carbonatite__52,https://minmod.isi.edu/resource/site__mrdata-usgs-gov-carbonatite__52
https://minmod.isi.edu/resource/site__mrdata-usgs-gov-major-deposits__2487,https://minmod.isi.edu/resource/site__mrdata-usgs-gov-major-deposits__2487
https://minmod.isi.edu/resource/site__mrdata-usgs-gov-ree__191,https://minmod.isi.edu/resource/site__mrdata-usgs-gov-ree__191
https://minmod.isi.edu/resource/site__doi-org-10-5066-p96mmrfd__mh390,https://minmod.isi.edu/resource/site__doi-org-10-5066-p96mmrfd__mh390
https://minmod.isi.edu/resource/site__mrdata-usgs-gov-ree__758,https://minmod.isi.edu/resource/site__mrdata-usgs-gov-ree__758
https://minmod.isi.edu/resource/site__mrdata-usgs-gov-carbonatite__21,https://minmod.isi.edu/resource/site__mrdata-usgs-gov-carbonatite__21
https://minmod.isi.edu/resource/site__mrdata-usgs-gov-ree__775,https://minmod.isi.edu/resource/site__mrdata-usgs-gov-ree__775
https://minmod.isi.edu/resource/site__mrdata-usgs-gov-major-deposits__2234,https://minmod.isi.edu/resource/site__mrdata-usgs-gov-major-deposits__2234
https://minmod.isi.edu/resource/site__mrdata-usgs-gov-carbonatite__53,https://minmod.isi.edu/resource/site__mrdata-usgs-gov-carbonatite__53
https://minmod.isi.edu/resource/site__mrdata-usgs-gov-carbonatite__28,https://minmod.isi.edu/resource/site__mrdata-usgs-gov-carbonatite__28
https://minmod.isi.edu/resource/site__mrdata-usgs-gov-carbonatite__33,https://minmod.isi.edu/resource/site__mrdata-usgs-gov-carbonatite__33
https://minmod.isi.edu/resource/site__mrdata-usgs-gov-major-deposits__2423,https://minmod.isi.edu/resource/site__mrdata-usgs-gov-carbonatite__33
https://minmod.isi.edu/resource/site__mrdata-usgs-gov-carbonatite__6,https://minmod.isi.edu/resource/site__mrdata-usgs-gov-carbonatite__6
https://minmod.isi.edu/resource/site__mrdata-usgs-gov-carbonatite__5,https://minmod.isi.edu/resource/site__mrdata-usgs-gov-carbonatite__6
https://minmod.isi.edu/resource/site__mrdata-usgs-gov-major-deposits__2242,https://minmod.isi.edu/resource/site__mrdata-usgs-gov-major-deposits__2242
https://minmod.isi.edu/resource/site__mrdata-usgs-gov-ree__638,https://minmod.isi.edu/resource/site__mrdata-usgs-gov-ree__638
https://minmod.isi.edu/resource/site__mrdata-usgs-gov-carbonatite__31,https://minmod.isi.edu/resource/site__mrdata-usgs-gov-carbonatite__31
https://minmod.isi.edu/resource/site__doi-org-10-5066-p96mmrfd__tn083,https://minmod.isi.edu/resource/site__doi-org-10-5066-p96mmrfd__tn083
https://minmod.isi.edu/resource/site__mrdata-usgs-gov-deposit__ak00009,https://minmod.isi.edu/resource/site__mrdata-usgs-gov-deposit__ak00009
https://minmod.isi.edu/resource/site__mrdata-usgs-gov-ree__95,https://minmod.isi.edu/resource/site__mrdata-usgs-gov-ree__95
https://minmod.isi.edu/resource/site__doi-org-10-5066-p96mmrfd__id113,https://minmod.isi.edu/resource/site__doi-org-10-5066-p96mmrfd__id113
https://minmod.isi.edu/resource/site__mrdata-usgs-gov-deposit__ak00022,https://minmod.isi.edu/resource/site__mrdata-usgs-gov-deposit__ak00022
https://minmod.isi.edu/resource/site__mrdata-usgs-gov-carbonatite__26,https://minmod.isi.edu/resource/site__mrdata-usgs-gov-carbonatite__26
https://minmod.isi.edu/resource/site__doi-org-10-5066-p96mmrfd__tn082,https://minmod.isi.edu/resource/site__doi-org-10-5066-p96mmrfd__tn082
https://minmod.isi.edu/resource/site__mrdata-usgs-gov-carbonatite__23,https://minmod.isi.edu/resource/site__mrdata-usgs-gov-carbonatite__23
https://minmod.isi.edu/resource/site__doi-org-10-5066-p96mmrfd__he056,https://minmod.isi.edu/resource/site__doi-org-10-5066-p96mmrfd__he056
https://minmod.isi.edu/resource/site__mrdata-usgs-gov-deposit__ak00189,https://minmod.isi.edu/resource/site__mrdata-usgs-gov-deposit__ak00189
https://minmod.isi.edu/resource/site__mrdata-usgs-gov-phosphate__424,https://minmod.isi.edu/resource/site__mrdata-usgs-gov-phosphate__424
https://minmod.isi.edu/resource/site__mrdata-usgs-gov-carbonatite__12,https://minmod.isi.edu/resource/site__mrdata-usgs-gov-carbonatite__12
https://minmod.isi.edu/resource/site__mrdata-usgs-gov-phosphate__167,https://minmod.isi.edu/resource/site__mrdata-usgs-gov-phosphate__167
https://minmod.isi.edu/resource/site__mrdata-usgs-gov-phosphate__155,https://minmod.isi.edu/resource/site__mrdata-usgs-gov-phosphate__167
https://minmod.isi.edu/resource/site__mrdata-usgs-gov-phosphate__154,https://minmod.isi.edu/resource/site__mrdata-usgs-gov-phosphate__167
https://minmod.isi.edu/resource/site__mrdata-usgs-gov-phosphate__145,https://minmod.isi.edu/resource/site__mrdata-usgs-gov-phosphate__167
https://minmod.isi.edu/resource/site__mrdata-usgs-gov-carbonatite__59,https://minmod.isi.edu/resource/site__mrdata-usgs-gov-carbonatite__59
https://minmod.isi.edu/resource/site__doi-org-10-4095-295581__78,https://minmod.isi.edu/resource/site__doi-org-10-4095-295581__78
https://minmod.isi.edu/resource/site__mrdata-usgs-gov-major-deposits__2270,https://minmod.isi.edu/resource/site__mrdata-usgs-gov-major-deposits__2270
https://minmod.isi.edu/resource/site__mrdata-usgs-gov-carbonatite__29,https://minmod.isi.edu/resource/site__mrdata-usgs-gov-carbonatite__29
https://minmod.isi.edu/resource/site__mrdata-usgs-gov-deposit__ak00130,https://minmod.isi.edu/resource/site__mrdata-usgs-gov-deposit__ak00130
https://minmod.isi.edu/resource/site__mrdata-usgs-gov-carbonatite__3,https://minmod.isi.edu/resource/site__mrdata-usgs-gov-carbonatite__3
https://minmod.isi.edu/resource/site__mrdata-usgs-gov-ree__135,https://minmod.isi.edu/resource/site__mrdata-usgs-gov-carbonatite__3
https://minmod.isi.edu/resource/site__doi-org-10-5066-p96mmrfd__cr172,https://minmod.isi.edu/resource/site__doi-org-10-5066-p96mmrfd__cr172
https://minmod.isi.edu/resource/site__mrdata-usgs-gov-phosphate__744,https://minmod.isi.edu/resource/site__mrdata-usgs-gov-phosphate__744
https://minmod.isi.edu/resource/site__mrdata-usgs-gov-phosphate__743,https://minmod.isi.edu/resource/site__mrdata-usgs-gov-phosphate__744
https://minmod.isi.edu/resource/site__mrdata-usgs-gov-phosphate__745,https://minmod.isi.edu/resource/site__mrdata-usgs-gov-phosphate__744
https://minmod.isi.edu/resource/site__api-cdr-land-v1-docs-documents__021a33593deeda0dee6956d4f6d74573684bc771c3a6bfbcc193dd1b7ee5212d9b,https://minmod.isi.edu/resource/site__api-cdr-land-v1-docs-documents__021a33593deeda0dee6956d4f6d74573684bc771c3a6bfbcc193dd1b7ee5212d9b
https://minmod.isi.edu/resource/site__mrdata-usgs-gov-phosphate__160,https://minmod.isi.edu/resource/site__mrdata-usgs-gov-phosphate__160
https://minmod.isi.edu/resource/site__mrdata-usgs-gov-ree__151,https://minmod.isi.edu/resource/site__mrdata-usgs-gov-ree__151
https://minmod.isi.edu/resource/site__mrdata-usgs-gov-major-deposits__1086,https://minmod.isi.edu/resource/site__mrdata-usgs-gov-major-deposits__1086
https://minmod.isi.edu/resource/site__mrdata-usgs-gov-ree__84,https://minmod.isi.edu/resource/site__mrdata-usgs-gov-ree__84
https://minmod.isi.edu/resource/site__mrdata-usgs-gov-deposit__nm00032,https://minmod.isi.edu/resource/site__mrdata-usgs-gov-deposit__nm00032
https://minmod.isi.edu/resource/site__mrdata-usgs-gov-major-deposits__2349,https://minmod.isi.edu/resource/site__mrdata-usgs-gov-major-deposits__2349
https://minmod.isi.edu/resource/site__mrdata-usgs-gov-ree__297,https://minmod.isi.edu/resource/site__mrdata-usgs-gov-ree__297
https://minmod.isi.edu/resource/site__mrdata-usgs-gov-ree__161,https://minmod.isi.edu/resource/site__mrdata-usgs-gov-ree__161
https://minmod.isi.edu/resource/site__mrdata-usgs-gov-carbonatite__17,https://minmod.isi.edu/resource/site__mrdata-usgs-gov-carbonatite__17
https://minmod.isi.edu/resource/site__mrdata-usgs-gov-ree__213,https://minmod.isi.edu/resource/site__mrdata-usgs-gov-ree__213
